id,direction,bar_start,bar_end,ts_start,ts_end,price_start,price_end,pct_move,mfe_pct,duration_bars,duration_hrs
0,SHORT,433,463,2024-06-18 15:15:00+00:00,2024-06-18 15:45:00+00:00,133.08,134.74,1.247,0.0,30,0.5
1,SHORT,893,963,2024-06-18 22:55:00+00:00,2024-06-20 08:05:00+00:00,136.5603,140.7,3.031,0.315,70,1.2
2,SHORT,1198,1228,2024-06-20 12:00:00+00:00,2024-06-20 12:30:00+00:00,139.3095,140.72,1.012,0.0,30,0.5
3,SHORT,1428,1558,2024-06-20 15:50:00+00:00,2024-06-20 18:00:00+00:00,137.675,132.23,-3.955,5.793,130,2.2
4,LONG,2193,2223,2024-06-21 12:35:00+00:00,2024-06-21 13:05:00+00:00,128.71,127.35,-1.057,0.218,30,0.5
5,LONG,2333,2438,2024-06-21 14:55:00+00:00,2024-06-21 16:40:00+00:00,126.43,128.81,1.882,3.235,105,1.8
6,LONG,3253,3283,2024-06-24 14:15:00+00:00,2024-06-24 14:45:00+00:00,122.46,119.61,-2.327,0.253,30,0.5
7,LONG,3858,3983,2024-06-25 08:20:00+00:00,2024-06-25 10:25:00+00:00,117.24,121.71,3.813,4.188,125,2.1
8,LONG,4253,4313,2024-06-25 14:55:00+00:00,2024-06-25 15:55:00+00:00,121.785,124.88,2.541,2.541,60,1.0
9,SHORT,4648,4803,2024-06-25 21:30:00+00:00,2024-06-26 08:05:00+00:00,127.32,129.55,1.751,0.369,155,2.6
10,SHORT,5048,5143,2024-06-26 12:10:00+00:00,2024-06-26 13:45:00+00:00,128.72,126.3637,-1.831,3.442,95,1.6
11,SHORT,5198,5258,2024-06-26 14:40:00+00:00,2024-06-26 15:40:00+00:00,125.165,123.47,-1.354,1.945,60,1.0
12,SHORT,7119,7274,2024-06-28 14:55:00+00:00,2024-06-28 17:30:00+00:00,125.86,123.94,-1.526,2.28,155,2.6
13,LONG,7776,7981,2024-07-01 09:55:00+00:00,2024-07-01 13:20:00+00:00,121.2,123.02,1.502,2.252,205,3.4
14,LONG,8056,8191,2024-07-01 14:35:00+00:00,2024-07-01 16:50:00+00:00,122.0506,124.026,1.619,2.212,135,2.2
15,LONG,9986,10041,2024-07-03 14:50:00+00:00,2024-07-03 15:45:00+00:00,124.02,126.43,1.943,1.959,55,0.9
16,SHORT,10096,10197,2024-07-03 16:40:00+00:00,2024-07-05 08:20:00+00:00,127.455,128.83,1.079,0.592,101,1.7
17,LONG,11207,11382,2024-07-08 09:10:00+00:00,2024-07-08 12:05:00+00:00,125.07,126.75,1.343,1.519,175,2.9
18,SHORT,12510,12680,2024-07-09 14:55:00+00:00,2024-07-09 17:45:00+00:00,132.46,130.0352,-1.831,2.642,170,2.8
19,SHORT,14346,14496,2024-07-11 13:35:00+00:00,2024-07-11 16:05:00+00:00,134.3236,129.325,-3.721,4.961,150,2.5
20,SHORT,14711,14756,2024-07-11 19:40:00+00:00,2024-07-11 20:25:00+00:00,128.85,127.25,-1.242,1.412,45,0.8
21,LONG,14851,15051,2024-07-11 22:00:00+00:00,2024-07-12 09:20:00+00:00,126.51,128.76,1.779,1.865,200,3.3
22,LONG,15306,15416,2024-07-12 13:35:00+00:00,2024-07-12 15:25:00+00:00,127.885,130.37,1.943,2.448,110,1.8
23,SHORT,15641,15721,2024-07-12 19:10:00+00:00,2024-07-12 20:30:00+00:00,131.5001,129.295,-1.677,1.932,80,1.3
24,SHORT,16175,16330,2024-07-15 12:10:00+00:00,2024-07-15 14:45:00+00:00,131.14,129.52,-1.235,2.242,155,2.6
25,SHORT,17191,17296,2024-07-16 13:10:00+00:00,2024-07-16 14:55:00+00:00,128.63,125.68,-2.293,3.04,105,1.8
26,LONG,17781,17846,2024-07-16 23:00:00+00:00,2024-07-17 08:05:00+00:00,125.9509,123.77,-1.732,0.126,65,1.1
27,LONG,17916,18041,2024-07-17 09:15:00+00:00,2024-07-17 11:20:00+00:00,122.56,120.84,-1.403,0.041,125,2.1
28,LONG,18186,18216,2024-07-17 13:45:00+00:00,2024-07-17 14:15:00+00:00,120.53,119.22,-1.087,0.49,30,0.5
29,LONG,18321,18351,2024-07-17 16:00:00+00:00,2024-07-17 16:30:00+00:00,119.2201,117.79,-1.2,0.0,30,0.5
30,LONG,18631,18766,2024-07-17 21:10:00+00:00,2024-07-17 23:25:00+00:00,118.23,119.4445,1.027,1.234,135,2.2
31,SHORT,19596,19831,2024-07-18 21:15:00+00:00,2024-07-19 09:10:00+00:00,121.9,120.5,-1.148,2.166,235,3.9
32,LONG,20681,20766,2024-07-19 23:20:00+00:00,2024-07-22 08:45:00+00:00,118.0,119.64,1.39,1.449,85,1.4
33,SHORT,21020,21065,2024-07-22 13:00:00+00:00,2024-07-22 13:45:00+00:00,120.51,122.68,1.801,0.514,45,0.8
34,SHORT,22477,22577,2024-07-23 21:20:00+00:00,2024-07-23 23:00:00+00:00,122.55,120.72,-1.493,1.877,100,1.7
35,LONG,23085,23115,2024-07-24 15:35:00+00:00,2024-07-24 16:05:00+00:00,117.83,115.63,-1.867,0.085,30,0.5
36,SHORT,24070,24100,2024-07-25 16:00:00+00:00,2024-07-25 16:30:00+00:00,114.68,115.83,1.003,0.628,30,0.5
37,LONG,24520,24600,2024-07-25 23:30:00+00:00,2024-07-26 08:50:00+00:00,112.18,114.3,1.89,2.024,80,1.3
38,SHORT,24860,24985,2024-07-26 13:10:00+00:00,2024-07-26 15:15:00+00:00,115.68,112.93,-2.377,3.026,125,2.1
39,SHORT,25832,25862,2024-07-29 13:25:00+00:00,2024-07-29 13:55:00+00:00,113.71,115.36,1.451,0.255,30,0.5
40,SHORT,25897,25972,2024-07-29 14:30:00+00:00,2024-07-29 15:45:00+00:00,114.7144,112.13,-2.253,2.737,75,1.2
41,LONG,25992,26077,2024-07-29 16:05:00+00:00,2024-07-29 17:30:00+00:00,113.4109,112.1,-1.156,0.189,85,1.4
42,LONG,26782,26812,2024-07-30 13:20:00+00:00,2024-07-30 13:50:00+00:00,111.9493,109.0999,-2.545,0.0,30,0.5
43,SHORT,27367,27397,2024-07-30 23:05:00+00:00,2024-07-30 23:35:00+00:00,108.4508,109.65,1.106,0.0,30,0.5
44,SHORT,27837,28042,2024-07-31 14:55:00+00:00,2024-07-31 18:20:00+00:00,114.55,115.9,1.179,0.087,205,3.4
45,SHORT,28112,28152,2024-07-31 19:30:00+00:00,2024-07-31 20:10:00+00:00,116.12,119.62,3.014,0.0,40,0.7
46,SHORT,28202,28272,2024-07-31 21:00:00+00:00,2024-07-31 22:10:00+00:00,119.09,120.65,1.31,0.319,70,1.2
47,SHORT,28317,28437,2024-07-31 22:55:00+00:00,2024-08-01 08:55:00+00:00,120.97,116.5,-3.695,4.662,120,2.0
48,SHORT,28752,28872,2024-08-01 14:10:00+00:00,2024-08-01 16:10:00+00:00,117.41,113.53,-3.305,4.536,120,2.0
49,LONG,29317,29352,2024-08-01 23:35:00+00:00,2024-08-02 08:10:00+00:00,107.9,105.76,-1.983,0.426,35,0.6
50,LONG,29602,29632,2024-08-02 12:20:00+00:00,2024-08-02 12:50:00+00:00,105.29,103.88,-1.339,0.0,30,0.5
51,LONG,29652,29712,2024-08-02 13:10:00+00:00,2024-08-02 14:10:00+00:00,104.14,102.0,-2.055,3.097,60,1.0
52,LONG,29752,29857,2024-08-02 14:50:00+00:00,2024-08-02 16:35:00+00:00,105.14,106.9132,1.687,3.291,105,1.8
53,LONG,29957,30112,2024-08-02 18:15:00+00:00,2024-08-02 20:50:00+00:00,105.0689,107.09,1.924,2.504,155,2.6
54,SHORT,30282,30357,2024-08-02 23:40:00+00:00,2024-08-05 08:55:00+00:00,106.71,97.4,-8.725,8.725,75,1.2
55,LONG,30397,30527,2024-08-05 09:35:00+00:00,2024-08-05 11:45:00+00:00,97.0,94.69,-2.381,0.866,130,2.2
56,LONG,30592,30717,2024-08-05 12:50:00+00:00,2024-08-05 14:55:00+00:00,92.47,100.08,8.23,10.514,125,2.1
57,LONG,30742,30772,2024-08-05 15:20:00+00:00,2024-08-05 15:50:00+00:00,101.9999,100.6501,-1.323,0.088,30,0.5
58,LONG,30817,30847,2024-08-05 16:35:00+00:00,2024-08-05 17:05:00+00:00,102.02,100.3692,-1.618,0.221,30,0.5
59,LONG,31002,31082,2024-08-05 19:40:00+00:00,2024-08-05 21:00:00+00:00,99.79,102.0401,2.255,2.335,80,1.3
60,SHORT,31122,31157,2024-08-05 21:40:00+00:00,2024-08-05 22:15:00+00:00,101.75,102.95,1.179,0.0,35,0.6
61,SHORT,31197,31262,2024-08-05 22:55:00+00:00,2024-08-06 08:00:00+00:00,102.33,104.81,2.424,0.0,65,1.1
62,SHORT,31607,31637,2024-08-06 13:45:00+00:00,2024-08-06 14:15:00+00:00,101.2,103.6399,2.411,0.0,30,0.5
63,SHORT,32307,32412,2024-08-07 09:25:00+00:00,2024-08-07 11:10:00+00:00,105.59,107.02,1.354,0.275,105,1.8
64,SHORT,32447,32552,2024-08-07 11:45:00+00:00,2024-08-07 13:30:00+00:00,106.54,107.8413,1.221,0.329,105,1.8
65,SHORT,32817,32882,2024-08-07 17:55:00+00:00,2024-08-07 19:00:00+00:00,101.3684,99.8448,-1.503,2.011,65,1.1
66,LONG,33462,33527,2024-08-08 12:40:00+00:00,2024-08-08 13:45:00+00:00,101.1,99.33,-1.751,0.91,65,1.1
67,SHORT,36039,36069,2024-08-12 23:40:00+00:00,2024-08-13 08:10:00+00:00,108.99,111.35,2.165,0.061,30,0.5
68,LONG,36274,36329,2024-08-13 11:35:00+00:00,2024-08-13 12:30:00+00:00,110.69,112.11,1.283,1.283,55,0.9
69,SHORT,36394,36424,2024-08-13 13:35:00+00:00,2024-08-13 14:05:00+00:00,111.74,113.87,1.906,0.0,30,0.5
70,SHORT,36649,36719,2024-08-13 17:50:00+00:00,2024-08-13 19:00:00+00:00,114.735,115.96,1.068,0.0,70,1.2
71,SHORT,38219,38254,2024-08-15 12:00:00+00:00,2024-08-15 12:35:00+00:00,117.2901,118.96,1.424,0.111,35,0.6
72,SHORT,38314,38344,2024-08-15 13:35:00+00:00,2024-08-15 14:05:00+00:00,118.915,120.23,1.106,0.046,30,0.5
73,SHORT,39139,39254,2024-08-16 11:20:00+00:00,2024-08-16 13:15:00+00:00,123.32,121.43,-1.533,2.287,115,1.9
74,SHORT,39764,39954,2024-08-16 21:45:00+00:00,2024-08-19 08:55:00+00:00,124.35,122.9,-1.166,1.335,190,3.2
75,LONG,39989,40134,2024-08-19 09:30:00+00:00,2024-08-19 11:55:00+00:00,123.23,124.75,1.233,1.233,145,2.4
76,SHORT,43118,43183,2024-08-22 13:45:00+00:00,2024-08-22 14:50:00+00:00,130.06,128.35,-1.315,1.461,65,1.1
77,LONG,43283,43363,2024-08-22 16:30:00+00:00,2024-08-22 17:50:00+00:00,126.82,124.8,-1.593,0.0,80,1.3
78,SHORT,45055,45125,2024-08-26 14:05:00+00:00,2024-08-26 15:15:00+00:00,128.615,126.7658,-1.438,3.262,70,1.2
79,SHORT,47340,47470,2024-08-28 20:10:00+00:00,2024-08-28 22:20:00+00:00,124.7685,117.1521,-6.104,7.773,130,2.2
80,SHORT,47710,47845,2024-08-29 10:20:00+00:00,2024-08-29 12:35:00+00:00,122.55,121.01,-1.257,2.073,135,2.2
81,SHORT,47905,47935,2024-08-29 13:35:00+00:00,2024-08-29 14:05:00+00:00,123.57,121.17,-1.942,1.942,30,0.5
82,SHORT,47945,47990,2024-08-29 14:15:00+00:00,2024-08-29 15:00:00+00:00,120.868,122.13,1.044,1.057,45,0.8
83,SHORT,48175,48265,2024-08-29 18:05:00+00:00,2024-08-29 19:35:00+00:00,120.3703,118.27,-1.745,2.912,90,1.5
84,SHORT,49478,49598,2024-08-30 23:50:00+00:00,2024-09-03 09:50:00+00:00,119.22,116.78,-2.047,2.281,120,2.0
85,SHORT,49793,49853,2024-09-03 13:05:00+00:00,2024-09-03 14:05:00+00:00,116.598,112.84,-3.223,3.918,60,1.0
86,LONG,49928,50093,2024-09-03 15:20:00+00:00,2024-09-03 18:05:00+00:00,111.38,109.09,-2.056,0.0,165,2.8
87,LONG,50153,50193,2024-09-03 19:05:00+00:00,2024-09-03 19:45:00+00:00,109.075,107.875,-1.1,0.0,40,0.7
88,LONG,50488,50558,2024-09-04 08:40:00+00:00,2024-09-04 09:50:00+00:00,105.94,107.04,1.038,1.576,70,1.2
89,LONG,51713,51823,2024-09-05 13:05:00+00:00,2024-09-05 14:55:00+00:00,105.48,108.175,2.555,3.943,110,1.8
90,LONG,52358,52388,2024-09-05 23:50:00+00:00,2024-09-06 08:20:00+00:00,106.35,104.59,-1.655,0.033,30,0.5
91,SHORT,52633,52663,2024-09-06 12:25:00+00:00,2024-09-06 12:55:00+00:00,105.91,108.04,2.011,0.009,30,0.5
92,SHORT,52708,52818,2024-09-06 13:40:00+00:00,2024-09-06 15:30:00+00:00,105.2,102.48,-2.586,3.032,110,1.8
