,variable,ocurrencias,wr_long_30m,wr_short_30m,pnl_mean_30m,wr_long_60m,wr_short_60m,pnl_mean_60m,wr_long_120m,wr_short_120m,pnl_mean_120m,best_wr,has_edge
59,1D_stoch_A_bull,8562,0.5844,0.407,0.1454,0.617,0.3788,0.2939,0.6537,0.3443,0.6133,0.6537,True
74,1D_fib05_in_zone,11355,0.5657,0.4248,0.0475,0.5851,0.4085,0.095,0.6246,0.3724,0.1926,0.6246,True
137,1H_fib05_conf_sma200,659,0.5326,0.4628,0.0379,0.5099,0.481,0.0405,0.6161,0.3794,0.1782,0.6161,True
86,4H_stoch_A_bull,11918,0.5449,0.4481,0.0696,0.5712,0.4236,0.1359,0.6056,0.3919,0.2672,0.6056,True
40,1W_stoch_B_bear,9594,0.5272,0.4664,0.047,0.5587,0.4375,0.0986,0.6012,0.3974,0.1998,0.6012,True
69,1D_extreme_bull_sma200,960,0.3969,0.5979,0.0361,0.4927,0.5052,0.0755,0.5323,0.4656,0.1475,0.5979,True
67,1D_cross_bull_sma200,960,0.524,0.474,0.0493,0.5823,0.4146,0.1232,0.5792,0.4188,0.2749,0.5823,True
68,1D_reject_bull_sma200,960,0.524,0.474,0.0493,0.5823,0.4146,0.1232,0.5792,0.4188,0.2749,0.5823,True
101,4H_fib0382_reject_bull,19520,0.5256,0.4664,0.0322,0.5447,0.4502,0.0689,0.5799,0.4179,0.1927,0.5799,True
125,1H_cross_bear_sma200,4313,0.4999,0.4959,0.0272,0.5105,0.4857,0.0309,0.5727,0.4262,0.0079,0.5727,True
82,4H_macd_e2_bull,12319,0.5361,0.4523,0.0079,0.5625,0.4303,0.0264,0.5724,0.4245,0.0864,0.5724,True
53,1D_macd_e1_bull,46897,0.5267,0.462,0.0503,0.5457,0.4472,0.1021,0.5697,0.4248,0.2057,0.5697,True
73,1D_fib0382_conf_ema21,954,0.501,0.4937,-0.0584,0.4906,0.4958,-0.1171,0.4256,0.5692,-0.2165,0.5692,True
62,1D_stoch_B_bear,7553,0.4527,0.5407,-0.0501,0.4482,0.5469,-0.0974,0.4287,0.5689,-0.1855,0.5689,True
37,1W_stoch_A_bull,4799,0.5493,0.4434,0.0612,0.5689,0.4263,0.1228,0.5647,0.433,0.2531,0.5689,True
113,1H_macd_e2_bear,10410,0.5218,0.4696,0.0065,0.54,0.4508,0.0279,0.5671,0.4246,0.0035,0.5671,True
96,4H_reject_bull_sma200,7889,0.5234,0.4638,0.0268,0.5319,0.4596,0.0521,0.5669,0.4292,0.1053,0.5669,True
61,1D_stoch_B_bull,7730,0.5299,0.4563,0.0492,0.5589,0.4288,0.1031,0.5643,0.4167,0.2077,0.5643,True
58,1D_stoch_os,32303,0.5276,0.4662,0.0543,0.5498,0.4456,0.1078,0.5638,0.4331,0.2097,0.5638,True
105,4H_fib05_reject_bull,20327,0.5084,0.4817,0.0025,0.5267,0.467,0.0093,0.5607,0.4369,0.0374,0.5607,True
157,30M_reject_bull_sma200,11212,0.5024,0.49,0.0178,0.5258,0.4686,0.0155,0.5601,0.4368,0.0448,0.5601,True
199,15M_fib05_conf_sma200,7243,0.5085,0.4839,0.0055,0.5137,0.4813,0.0287,0.5567,0.4404,0.1059,0.5567,True
64,1D_cross_bear_ema21,20836,0.4763,0.5149,-0.0319,0.4637,0.531,-0.0656,0.4449,0.5518,-0.1446,0.5518,True
168,30M_fib05_conf_sma200,5212,0.5054,0.4864,-0.0214,0.5029,0.4864,-0.0492,0.5516,0.4436,0.0016,0.5516,True
144,30M_macd_e2_bear,11238,0.5512,0.4414,0.0681,0.5322,0.4614,0.0788,0.5246,0.4704,0.1315,0.5512,True
198,15M_fib05_reject_bear,29910,0.5095,0.4824,0.0244,0.517,0.4771,0.0592,0.5512,0.4457,0.1354,0.5512,True
116,1H_stoch_A_bull,11013,0.4569,0.5326,-0.0253,0.4433,0.5494,-0.0433,0.4551,0.5425,-0.0833,0.5494,False
133,1H_fib0382_conf_ema21,7907,0.5271,0.4636,0.0714,0.5477,0.4443,0.1409,0.5356,0.4605,0.2,0.5477,False
148,30M_stoch_A_bear,16402,0.533,0.4584,0.0284,0.5291,0.4645,0.0576,0.5473,0.4499,0.0769,0.5473,False
94,4H_cross_bull_sma200,3698,0.5381,0.4516,0.0545,0.5308,0.46,0.0826,0.546,0.4511,0.1308,0.546,False
90,4H_cross_bull_ema21,15007,0.5349,0.4541,0.0207,0.5364,0.4565,0.0338,0.5451,0.4517,0.0804,0.5451,False
79,1D_fib0618_reject_bear,36195,0.4672,0.5243,-0.0341,0.4621,0.5328,-0.0664,0.4529,0.5442,-0.129,0.5442,False
189,15M_reject_bear_sma200,8321,0.4754,0.5184,-0.0549,0.4525,0.5434,-0.0645,0.4877,0.5105,-0.0272,0.5434,False
193,15M_fib0382_reject_bull,30225,0.5084,0.4845,0.0168,0.5166,0.4778,0.0225,0.5429,0.4542,0.0824,0.5429,False
51,1W_fib0618_reject_bull,34111,0.501,0.4878,0.0028,0.5205,0.4726,0.0048,0.5416,0.4551,0.0054,0.5416,False
155,30M_cross_bull_sma200,4719,0.5007,0.491,0.0274,0.5262,0.4687,0.022,0.5408,0.4558,0.0196,0.5408,False
89,4H_stoch_B_bear,11535,0.463,0.5252,-0.0451,0.4513,0.5397,-0.1009,0.458,0.5365,-0.1583,0.5397,False
129,1H_extreme_bear_sma200,20194,0.5016,0.493,0.0527,0.517,0.479,0.0885,0.5375,0.4595,0.1496,0.5375,False
132,1H_fib0382_reject_bear,29591,0.5078,0.485,0.0161,0.5117,0.4829,0.0293,0.5362,0.4608,0.0728,0.5362,False
140,1H_fib0618_reject_bear,29298,0.5024,0.4904,0.023,0.5033,0.4917,0.0448,0.5361,0.4611,0.0769,0.5361,False
19,1M_extreme_bear_sma200,27473,0.5182,0.476,-0.0073,0.5223,0.4735,0.0081,0.5358,0.4611,0.0465,0.5358,False
124,1H_cross_bull_sma200,4314,0.4655,0.528,-0.0986,0.4601,0.5357,-0.1861,0.4689,0.5292,-0.2556,0.5357,False
45,1W_fib0382_in_zone,8632,0.4623,0.5317,-0.0202,0.4692,0.5227,-0.0396,0.4606,0.5356,-0.077,0.5356,False
41,1W_cross_bull_ema21,22985,0.5025,0.4865,0.002,0.5212,0.471,0.0052,0.5349,0.4613,0.0105,0.5349,False
80,4H_macd_e1_bull,35624,0.5127,0.4766,0.0066,0.5133,0.4773,0.017,0.5346,0.4587,0.0535,0.5346,False
48,1W_fib05_reject_bull,18186,0.4978,0.4915,0.0065,0.5079,0.484,0.0132,0.5346,0.4608,0.0261,0.5346,False
50,1W_fib0618_in_zone,7662,0.4595,0.5308,-0.0587,0.4597,0.5345,-0.1151,0.4823,0.5142,-0.2256,0.5345,False
127,1H_reject_bear_sma200,8802,0.5097,0.4828,0.007,0.518,0.4784,0.0098,0.5343,0.464,-0.0171,0.5343,False
167,30M_fib05_reject_bear,25701,0.5058,0.4871,0.0098,0.5029,0.4906,0.0187,0.5342,0.4625,0.054,0.5342,False
34,1W_macd_e2_bear,9582,0.5047,0.4871,0.003,0.5145,0.4803,0.0053,0.5339,0.4627,0.007,0.5339,False
175,15M_macd_e2_bear,10889,0.5105,0.4821,-0.0102,0.5137,0.4809,0.0086,0.5339,0.4631,0.0412,0.5339,False
196,15M_fib05_in_zone,36648,0.5079,0.4831,0.0221,0.5129,0.4805,0.0495,0.5337,0.4626,0.1062,0.5337,False
190,15M_extreme_bull_sma200,42837,0.5199,0.4706,0.0174,0.5277,0.4657,0.0346,0.532,0.4623,0.0643,0.532,False
152,30M_cross_bear_ema21,17251,0.5135,0.4798,-0.0061,0.5315,0.4626,0.0064,0.5122,0.4843,0.0048,0.5315,False
49,1W_fib05_reject_bear,23984,0.5213,0.4717,0.0355,0.5289,0.4661,0.0699,0.5314,0.4654,0.1413,0.5314,False
47,1W_fib0382_reject_bear,38377,0.5167,0.4756,0.0349,0.5273,0.4675,0.0705,0.5314,0.4654,0.1441,0.5314,False
192,15M_fib0382_in_zone,34701,0.5007,0.4895,0.0266,0.508,0.4844,0.0462,0.5314,0.4651,0.0762,0.5314,False
87,4H_stoch_A_bear,17407,0.4883,0.5015,-0.0122,0.4998,0.495,-0.0111,0.5304,0.4666,0.005,0.5304,False
36,1W_stoch_os,8639,0.4659,0.5298,0.0497,0.4814,0.5153,0.0918,0.4804,0.5183,0.1773,0.5298,False
112,1H_macd_e2_bull,10475,0.5035,0.4897,0.0122,0.511,0.4825,0.0198,0.5294,0.4669,0.1188,0.5294,False
117,1H_stoch_A_bear,16290,0.5179,0.4738,-0.0167,0.5194,0.476,-0.015,0.5293,0.4684,0.039,0.5293,False
55,1D_macd_e2_bull,13359,0.5014,0.4901,0.0042,0.5194,0.475,0.0188,0.5292,0.4678,0.0479,0.5292,False
107,4H_fib0618_in_zone,14751,0.5079,0.4835,0.0198,0.5182,0.4757,0.0419,0.5291,0.4682,0.0851,0.5291,False
200,15M_fib0618_in_zone,41276,0.5164,0.4732,0.0151,0.529,0.4636,0.0334,0.5291,0.4667,0.0483,0.5291,False
156,30M_cross_bear_sma200,4581,0.5093,0.4857,-0.0307,0.5014,0.4955,-0.0744,0.5287,0.4671,-0.0045,0.5287,False
221,5M_extreme_bull_sma200,38330,0.5105,0.481,0.0204,0.5216,0.4728,0.0278,0.5286,0.4687,0.0474,0.5286,False
43,1W_reject_bull_ema21,38901,0.5021,0.4871,-0.004,0.5167,0.4764,-0.0087,0.5281,0.4686,-0.0203,0.5281,False
109,4H_fib0618_reject_bear,19667,0.5006,0.4882,0.012,0.5151,0.4768,0.0272,0.528,0.4689,0.0425,0.528,False
188,15M_reject_bull_sma200,8630,0.4976,0.4956,-0.0009,0.4954,0.5002,0.0169,0.5278,0.4698,0.0193,0.5278,False
60,1D_stoch_A_bear,18127,0.49,0.5002,-0.0257,0.474,0.5189,-0.052,0.4691,0.5276,-0.1028,0.5276,False
103,4H_fib0382_conf_ema21,656,0.5274,0.4649,-0.1519,0.4878,0.5076,-0.3065,0.5046,0.4954,-0.618,0.5274,False
15,1M_cross_bear_sma200,5270,0.5097,0.4805,-0.0018,0.5271,0.4683,0.0132,0.5209,0.4755,0.0279,0.5271,False
159,30M_extreme_bull_sma200,33760,0.5137,0.4754,0.0032,0.5271,0.4654,0.0151,0.5112,0.4815,0.0356,0.5271,False
114,1H_stoch_ob,76591,0.52,0.4701,0.0127,0.5267,0.4671,0.0197,0.5259,0.4705,0.0237,0.5267,False
66,1D_reject_bear_ema21,37108,0.4811,0.5108,-0.0177,0.4736,0.5206,-0.0352,0.4703,0.5265,-0.0793,0.5265,False
100,4H_fib0382_in_zone,7247,0.5264,0.4645,0.0231,0.5181,0.4784,0.037,0.5204,0.478,0.0059,0.5264,False
135,1H_fib05_reject_bull,32356,0.5047,0.4886,-0.0056,0.5085,0.4863,-0.0068,0.5263,0.471,0.0256,0.5263,False
171,30M_fib0618_reject_bear,22605,0.4969,0.4956,-0.0016,0.469,0.5258,-0.0108,0.4899,0.5075,0.0127,0.5258,False
202,15M_fib0618_reject_bear,33006,0.5151,0.4772,0.0161,0.522,0.4724,0.0248,0.5255,0.4715,0.0558,0.5255,False
71,1D_fib0382_reject_bull,25927,0.5136,0.476,0.0135,0.5213,0.4715,0.0256,0.5245,0.4722,0.0391,0.5245,False
162,30M_fib0382_reject_bull,27243,0.506,0.4872,0.0042,0.5113,0.4831,0.0141,0.5238,0.472,0.0233,0.5238,False
211,5M_stoch_B_bull,13503,0.5047,0.4857,0.0118,0.5106,0.4831,0.0384,0.5237,0.4736,0.0506,0.5237,False
146,30M_stoch_os,43543,0.4896,0.5025,-0.0094,0.4955,0.4995,-0.0074,0.5226,0.4741,-0.0136,0.5226,False
78,1D_fib0618_reject_bull,35448,0.501,0.4884,0.0012,0.5155,0.4786,0.0048,0.5223,0.4747,0.0084,0.5223,False
177,15M_stoch_os,44668,0.5083,0.4836,0.0157,0.5139,0.4808,0.027,0.5222,0.4748,0.0392,0.5222,False
98,4H_extreme_bull_sma200,48990,0.5095,0.4794,0.0036,0.5135,0.479,0.0074,0.5222,0.4735,0.014,0.5222,False
106,4H_fib05_reject_bear,16577,0.4953,0.494,0.0126,0.5034,0.4909,0.0314,0.522,0.4743,0.1008,0.522,False
147,30M_stoch_A_bull,11368,0.4889,0.5021,-0.0083,0.4742,0.5217,-0.025,0.5062,0.4905,-0.0108,0.5217,False
197,15M_fib05_reject_bull,34198,0.517,0.4753,0.0181,0.5214,0.4726,0.0282,0.5212,0.4758,0.0609,0.5214,False
97,4H_reject_bear_sma200,10151,0.466,0.5213,-0.0306,0.4779,0.5153,-0.0447,0.4813,0.5145,-0.0964,0.5213,False
166,30M_fib05_reject_bull,25459,0.4882,0.5043,-0.0033,0.4787,0.5166,-0.0111,0.4762,0.5208,-0.0209,0.5208,False
83,4H_macd_e2_bear,11838,0.4698,0.5166,0.0178,0.4725,0.5206,0.0332,0.4807,0.5158,0.0111,0.5206,False
65,1D_reject_bull_ema21,44974,0.4987,0.4915,0.0127,0.5115,0.4821,0.0281,0.5204,0.4765,0.059,0.5204,False
153,30M_reject_bull_ema21,43855,0.4983,0.4936,0.0145,0.5029,0.4919,0.0226,0.5201,0.477,0.0549,0.5201,False
54,1D_macd_e1_bear,46446,0.4936,0.4981,-0.0267,0.4831,0.5104,-0.0522,0.4767,0.52,-0.0989,0.52,False
84,4H_stoch_ob,83124,0.5059,0.484,0.0053,0.5139,0.4793,0.011,0.5198,0.4756,0.0216,0.5198,False
5,1M_stoch_os,54629,0.5196,0.4713,0.0107,0.5198,0.4736,0.0212,0.5164,0.4801,0.0296,0.5198,False
42,1W_cross_bear_ema21,18224,0.4854,0.5069,-0.0259,0.4824,0.5134,-0.0531,0.4767,0.5198,-0.1077,0.5198,False
191,15M_extreme_bear_sma200,24952,0.5048,0.4906,0.0199,0.5131,0.4837,0.0435,0.5195,0.4785,0.0667,0.5195,False
33,1W_macd_e2_bull,14374,0.5134,0.4758,0.0065,0.5194,0.4733,0.0149,0.502,0.4937,0.0356,0.5194,False
93,4H_reject_bear_ema21,32374,0.4899,0.4981,0.0086,0.4988,0.4922,0.0184,0.5194,0.4764,0.0676,0.5194,False
205,5M_macd_e2_bull,10887,0.5026,0.4892,0.0114,0.5128,0.4817,0.0263,0.5194,0.4772,0.0124,0.5194,False
118,1H_stoch_B_bull,14271,0.5175,0.4751,0.0208,0.5194,0.4735,0.037,0.5067,0.4893,0.0353,0.5194,False
172,15M_macd_e1_bull,36024,0.4978,0.493,0.0181,0.5096,0.4849,0.0179,0.5193,0.4768,0.03,0.5193,False
181,15M_stoch_B_bear,12528,0.4734,0.5164,-0.0089,0.4986,0.4939,0.0109,0.5193,0.4767,0.0025,0.5193,False
136,1H_fib05_reject_bear,30877,0.5042,0.4882,0.0119,0.5047,0.489,0.0231,0.5188,0.4778,0.0462,0.5188,False
208,5M_stoch_os,48054,0.5117,0.4801,0.0044,0.5185,0.4752,0.0117,0.514,0.4812,0.0122,0.5185,False
161,30M_fib0382_in_zone,22401,0.5046,0.4854,0.0109,0.5095,0.4835,0.0244,0.5185,0.4763,0.0552,0.5185,False
76,1D_fib05_reject_bear,34237,0.5178,0.4732,0.0154,0.5183,0.4757,0.031,0.5168,0.48,0.0655,0.5183,False
126,1H_reject_bull_sma200,9468,0.5079,0.4863,-0.0415,0.5163,0.4807,-0.08,0.5183,0.48,-0.1065,0.5183,False
173,15M_macd_e1_bear,35858,0.4938,0.4972,-0.0188,0.5017,0.4923,-0.0117,0.5182,0.4787,-0.0035,0.5182,False
63,1D_cross_bull_ema21,20994,0.4969,0.4934,0.0021,0.5127,0.4806,0.0081,0.5181,0.4792,0.0141,0.5181,False
214,5M_cross_bear_ema21,18655,0.4995,0.4919,-0.0046,0.5065,0.4871,0.0021,0.5178,0.4789,0.0245,0.5178,False
121,1H_cross_bear_ema21,17952,0.4908,0.5036,-0.0049,0.4982,0.4968,0.0097,0.5177,0.4796,-0.0081,0.5177,False
218,5M_cross_bear_sma200,4516,0.4909,0.5035,-0.028,0.5175,0.4781,-0.0271,0.5044,0.4936,-0.0345,0.5175,False
123,1H_reject_bear_ema21,39139,0.5,0.4938,0.004,0.5092,0.4864,0.0102,0.5173,0.48,0.0006,0.5173,False
201,15M_fib0618_reject_bull,37711,0.5057,0.4847,0.0108,0.5171,0.4761,0.027,0.5135,0.4829,0.0351,0.5171,False
111,1H_macd_e1_bear,35627,0.5108,0.4803,0.013,0.5066,0.4877,0.0255,0.5171,0.4787,0.0465,0.5171,False
14,1M_cross_bull_sma200,5271,0.4881,0.5033,-0.0054,0.5054,0.49,0.0128,0.5168,0.4804,0.0285,0.5168,False
52,1W_fib0618_reject_bear,27802,0.4839,0.5086,-0.0188,0.488,0.5055,-0.0373,0.4791,0.5168,-0.0731,0.5168,False
3,1M_macd_e2_bear,12006,0.5015,0.4888,0.0063,0.5035,0.4887,0.0067,0.5168,0.48,0.0169,0.5168,False
17,1M_reject_bear_sma200,9534,0.5103,0.482,-0.002,0.5166,0.4785,0.0107,0.5113,0.4854,0.0243,0.5166,False
195,15M_fib0382_conf_ema21,20479,0.4712,0.5166,0.0145,0.4791,0.5118,0.0252,0.5091,0.4872,0.0846,0.5166,False
85,4H_stoch_os,41902,0.4985,0.4956,0.0184,0.5071,0.4881,0.0394,0.5165,0.4809,0.0773,0.5165,False
138,1H_fib0618_in_zone,25856,0.4844,0.5053,-0.0043,0.4768,0.5164,-0.0068,0.4979,0.4992,-0.0009,0.5164,False
6,1M_stoch_A_bull,14320,0.5126,0.4772,0.0107,0.5164,0.4769,0.0209,0.5145,0.4821,0.0281,0.5164,False
228,5M_fib05_reject_bull,31131,0.5132,0.4782,0.0081,0.5159,0.4785,0.02,0.5163,0.4805,0.0444,0.5163,False
163,30M_fib0382_reject_bear,22746,0.5023,0.4892,0.0201,0.5015,0.4928,0.0268,0.5163,0.4809,0.0417,0.5163,False
158,30M_reject_bear_sma200,9486,0.4992,0.493,-0.008,0.5037,0.4916,-0.0185,0.5161,0.4809,0.0256,0.5161,False
174,15M_macd_e2_bull,10899,0.4805,0.5109,0.0107,0.4781,0.516,0.0022,0.493,0.5037,0.0085,0.516,False
212,5M_stoch_B_bear,13057,0.4944,0.4957,-0.0028,0.4989,0.4924,0.006,0.5158,0.48,0.0319,0.5158,False
182,15M_cross_bull_ema21,16811,0.4967,0.4938,0.0022,0.4923,0.5015,-0.0008,0.4797,0.5156,0.0213,0.5156,False
30,1M_fib0618_reject_bear,57248,0.5049,0.4825,0.006,0.5155,0.4756,0.0049,0.5131,0.481,0.008,0.5155,False
122,1H_reject_bull_ema21,48196,0.5051,0.4875,0.013,0.5052,0.489,0.0182,0.5155,0.4817,0.0567,0.5155,False
4,1M_stoch_ob,66369,0.4994,0.4919,0.013,0.503,0.4912,0.0218,0.5153,0.4813,0.0398,0.5153,False
213,5M_cross_bull_ema21,18661,0.49,0.5017,0.0014,0.5019,0.4913,0.0113,0.5152,0.4818,0.0373,0.5152,False
187,15M_cross_bear_sma200,3670,0.5093,0.4845,-0.0446,0.4907,0.5033,-0.0378,0.515,0.4828,0.022,0.515,False
7,1M_stoch_A_bear,15841,0.5009,0.4894,0.0113,0.5074,0.4868,0.0219,0.5149,0.4813,0.0356,0.5149,False
35,1W_stoch_ob,93788,0.506,0.4831,0.0087,0.5091,0.4832,0.0174,0.5149,0.48,0.0347,0.5149,False
72,1D_fib0382_reject_bear,31660,0.4965,0.4965,0.0006,0.4858,0.5096,0.0033,0.4827,0.5148,0.0082,0.5148,False
203,5M_macd_e1_bull,39999,0.5014,0.4904,0.0069,0.5053,0.4882,0.0096,0.5146,0.4816,0.0238,0.5146,False
186,15M_cross_bull_sma200,3701,0.5093,0.4842,0.0048,0.5036,0.4931,0.0473,0.5145,0.482,0.0383,0.5145,False
229,5M_fib05_reject_bear,31699,0.4828,0.5073,0.0038,0.4948,0.4978,0.0211,0.5145,0.4818,0.0746,0.5145,False
145,30M_stoch_ob,73101,0.5088,0.4817,0.0039,0.5117,0.4814,0.0092,0.5145,0.4823,0.0265,0.5145,False
57,1D_stoch_ob,90650,0.501,0.4878,0.0058,0.5035,0.4887,0.0114,0.5144,0.4815,0.021,0.5144,False
91,4H_cross_bear_ema21,15447,0.4782,0.5078,0.0062,0.492,0.4971,0.0089,0.5143,0.4803,0.0507,0.5143,False
204,5M_macd_e1_bear,39969,0.4955,0.4949,0.0039,0.504,0.4897,0.0107,0.5143,0.4817,0.0289,0.5143,False
22,1M_fib0382_reject_bear,51073,0.497,0.4917,-0.0022,0.5035,0.4888,-0.0013,0.5142,0.4806,-0.0042,0.5142,False
227,5M_fib05_in_zone,45277,0.4961,0.4934,0.0111,0.4987,0.494,0.0253,0.5141,0.4821,0.0632,0.5141,False
169,30M_fib0618_in_zone,25300,0.4964,0.4937,-0.0052,0.4797,0.5135,-0.0101,0.4828,0.514,-0.0179,0.514,False
120,1H_cross_bull_ema21,17881,0.4821,0.5092,-0.0181,0.4797,0.5137,-0.03,0.4846,0.513,0.0052,0.5137,False
2,1M_macd_e2_bull,12006,0.5008,0.4902,0.0049,0.5017,0.4923,0.0083,0.5136,0.4827,0.0158,0.5136,False
164,30M_fib0382_conf_ema21,8991,0.4948,0.4946,0.0281,0.4948,0.4958,0.067,0.5136,0.4809,0.087,0.5136,False
11,1M_cross_bear_ema21,21180,0.5032,0.4861,0.0037,0.5061,0.4862,0.0078,0.5136,0.4822,0.0238,0.5136,False
9,1M_stoch_B_bear,12665,0.5008,0.4887,-0.0021,0.5061,0.4852,-0.0029,0.5135,0.4822,0.0071,0.5135,False
95,4H_cross_bear_sma200,4830,0.476,0.5135,-0.0498,0.4946,0.5029,-0.078,0.4998,0.4975,-0.1163,0.5135,False
183,15M_cross_bear_ema21,16782,0.502,0.4906,-0.0183,0.5135,0.4818,-0.0153,0.5048,0.4926,0.0059,0.5135,False
8,1M_stoch_B_bull,12912,0.4966,0.4936,0.0027,0.4998,0.4932,0.0026,0.5134,0.4823,0.0236,0.5134,False
151,30M_cross_bull_ema21,17390,0.5132,0.4784,0.0292,0.5048,0.4899,0.0249,0.4913,0.5058,-0.0028,0.5132,False
149,30M_stoch_B_bull,13643,0.513,0.4787,0.0454,0.5008,0.4934,0.0518,0.496,0.5003,0.0314,0.513,False
210,5M_stoch_A_bear,15045,0.5046,0.4853,0.0233,0.5025,0.4916,0.0201,0.513,0.4835,0.0334,0.513,False
39,1W_stoch_B_bull,7660,0.4786,0.512,-0.0499,0.4817,0.5128,-0.1023,0.494,0.5035,-0.2096,0.5128,False
18,1M_extreme_bull_sma200,32511,0.4863,0.5057,0.006,0.4821,0.5127,-0.0045,0.4942,0.5023,0.0077,0.5127,False
88,4H_stoch_B_bull,13874,0.4872,0.5026,-0.0131,0.4818,0.5102,-0.0238,0.4841,0.5124,-0.0574,0.5124,False
233,5M_fib0618_reject_bear,30612,0.5007,0.4894,0.0097,0.5121,0.4811,0.0377,0.5124,0.4842,0.0725,0.5124,False
110,1H_macd_e1_bull,36028,0.4807,0.5099,-0.0121,0.4812,0.5123,-0.0304,0.4889,0.5071,-0.0344,0.5123,False
1,1M_macd_e1_bear,42379,0.5032,0.4874,0.0054,0.5088,0.4846,0.0121,0.5122,0.4837,0.0236,0.5122,False
75,1D_fib05_reject_bull,38316,0.4806,0.5094,-0.0131,0.4847,0.509,-0.0216,0.4846,0.5121,-0.0547,0.5121,False
231,5M_fib0618_in_zone,46416,0.5013,0.4871,0.0047,0.5094,0.4819,0.0181,0.5119,0.4819,0.0356,0.5119,False
0,1M_macd_e1_bull,42380,0.4981,0.4931,0.0053,0.5023,0.4909,0.0109,0.5115,0.4847,0.0227,0.5115,False
230,5M_fib05_conf_sma200,28418,0.4919,0.4964,0.011,0.4974,0.4943,0.0249,0.5115,0.4842,0.0423,0.5115,False
70,1D_fib0382_in_zone,5727,0.5114,0.4812,0.0739,0.5057,0.488,0.1474,0.487,0.5093,0.3018,0.5114,False
134,1H_fib05_in_zone,25264,0.499,0.4922,-0.0025,0.5023,0.4905,0.0101,0.5111,0.4846,0.0139,0.5111,False
16,1M_reject_bull_sma200,10000,0.4882,0.5038,-0.0038,0.5042,0.4904,0.0053,0.5107,0.4867,0.0089,0.5107,False
170,30M_fib0618_reject_bull,28591,0.4936,0.4972,-0.0169,0.4934,0.5005,-0.0217,0.4864,0.5106,-0.0409,0.5106,False
141,30M_macd_e1_bull,34691,0.5106,0.4818,0.0285,0.5069,0.4883,0.0234,0.5045,0.4924,0.0303,0.5106,False
29,1M_fib0618_reject_bull,59916,0.4979,0.4901,0.0104,0.4987,0.4938,0.0191,0.5105,0.4856,0.0503,0.5105,False
215,5M_reject_bull_ema21,43106,0.4923,0.499,0.0082,0.5009,0.4928,0.0135,0.5103,0.4866,0.0283,0.5103,False
56,1D_macd_e2_bear,12438,0.5102,0.4821,-0.0039,0.4974,0.4961,-0.0159,0.5054,0.4909,-0.0392,0.5102,False
38,1W_stoch_A_bear,18156,0.4994,0.4915,-0.006,0.4996,0.493,-0.0139,0.5101,0.4871,-0.0269,0.5101,False
207,5M_stoch_ob,65514,0.5019,0.4892,0.0221,0.5044,0.4899,0.0238,0.5101,0.486,0.0337,0.5101,False
26,1M_fib05_reject_bear,52966,0.5031,0.4842,0.0012,0.5097,0.4809,-0.0064,0.5074,0.4863,-0.0132,0.5097,False
28,1M_fib0618_in_zone,104121,0.5013,0.4859,0.0084,0.5066,0.4847,0.0124,0.5096,0.4854,0.0257,0.5096,False
142,30M_macd_e1_bear,34599,0.5069,0.4855,-0.0075,0.5054,0.488,0.023,0.5095,0.4873,0.0384,0.5095,False
104,4H_fib05_in_zone,9517,0.4977,0.4957,0.0163,0.5048,0.4912,0.0359,0.5094,0.4886,0.0874,0.5094,False
160,30M_extreme_bear_sma200,24704,0.4851,0.5091,0.0164,0.4902,0.5062,0.0326,0.5004,0.4965,0.0677,0.5091,False
139,1H_fib0618_reject_bull,37290,0.4918,0.5004,-0.0095,0.4851,0.5089,-0.0224,0.4948,0.5021,-0.029,0.5089,False
31,1W_macd_e1_bull,35373,0.4829,0.5088,-0.0304,0.4867,0.5069,-0.0602,0.4943,0.5025,-0.116,0.5088,False
13,1M_reject_bear_ema21,40826,0.502,0.4885,0.0004,0.5036,0.4892,0.0012,0.5087,0.4874,0.0095,0.5087,False
128,1H_extreme_bull_sma200,41764,0.4927,0.4963,-0.0084,0.4972,0.4951,-0.0136,0.4847,0.5087,-0.023,0.5087,False
150,30M_stoch_B_bear,12499,0.4905,0.502,0.0043,0.5031,0.4921,0.0295,0.5085,0.4884,0.0639,0.5085,False
165,30M_fib05_in_zone,25606,0.5058,0.4851,0.017,0.5014,0.4911,0.026,0.5083,0.4882,0.0324,0.5083,False
180,15M_stoch_B_bull,13810,0.4867,0.5038,0.0225,0.4862,0.5077,0.0048,0.5064,0.4901,0.0563,0.5077,False
176,15M_stoch_ob,68073,0.4994,0.4914,0.0081,0.5033,0.4904,0.0092,0.5077,0.489,0.0093,0.5077,False
10,1M_cross_bull_ema21,21181,0.4839,0.5045,-0.0004,0.4926,0.5007,0.0048,0.5076,0.4884,0.0197,0.5076,False
216,5M_reject_bear_ema21,41478,0.505,0.486,0.0006,0.4995,0.4934,0.0064,0.5071,0.4896,0.0051,0.5071,False
119,1H_stoch_B_bear,12318,0.5026,0.4891,0.0046,0.4862,0.5071,0.0189,0.5023,0.4947,0.0548,0.5071,False
194,15M_fib0382_reject_bear,27972,0.4938,0.4963,0.012,0.4888,0.5041,0.0208,0.5071,0.4895,0.0237,0.5071,False
99,4H_extreme_bear_sma200,19497,0.4933,0.5019,0.0387,0.5002,0.4958,0.0711,0.4909,0.5071,0.1411,0.5071,False
23,1M_fib0382_conf_ema21,86297,0.4935,0.4927,-0.0031,0.5019,0.4888,-0.0056,0.5071,0.4871,-0.0114,0.5071,False
77,1D_fib0618_in_zone,8622,0.4847,0.5023,-0.0043,0.5027,0.4901,-0.0113,0.4891,0.507,-0.0331,0.507,False
143,30M_macd_e2_bull,11146,0.5026,0.4878,0.0325,0.4873,0.507,0.0461,0.496,0.501,0.0613,0.507,False
24,1M_fib05_in_zone,99311,0.4986,0.4881,0.0048,0.5069,0.4843,0.0018,0.504,0.4904,-0.0049,0.5069,False
154,30M_reject_bear_ema21,41493,0.4977,0.4954,-0.0122,0.5068,0.4882,0.0034,0.5003,0.4967,0.0113,0.5068,False
32,1W_macd_e1_bear,43088,0.4996,0.4919,0.0037,0.5052,0.4886,0.0074,0.5067,0.4897,0.0131,0.5067,False
46,1W_fib0382_reject_bull,31600,0.4859,0.5044,0.0061,0.4879,0.5036,0.0127,0.5066,0.4893,0.0268,0.5066,False
20,1M_fib0382_in_zone,96782,0.4951,0.4918,-0.0017,0.5026,0.4886,-0.0044,0.5065,0.488,-0.0098,0.5065,False
232,5M_fib0618_reject_bull,33248,0.5063,0.4824,-0.0007,0.506,0.4851,-0.0023,0.5056,0.4874,-0.0001,0.5063,False
217,5M_cross_bull_sma200,4520,0.502,0.492,-0.0046,0.4909,0.5062,-0.0337,0.5002,0.4958,-0.0247,0.5062,False
226,5M_fib0382_conf_ema21,33335,0.4826,0.5062,0.0076,0.4887,0.5034,0.0206,0.4933,0.5029,0.0345,0.5062,False
209,5M_stoch_A_bull,12621,0.506,0.4845,-0.0097,0.5061,0.4864,-0.021,0.5061,0.4897,-0.0062,0.5061,False
115,1H_stoch_os,43607,0.4861,0.5055,-0.0235,0.4895,0.5053,-0.0352,0.5034,0.4935,-0.0605,0.5055,False
12,1M_reject_bull_ema21,41647,0.4869,0.5035,-0.0004,0.4903,0.5036,0.0009,0.5048,0.4913,0.0157,0.5048,False
222,5M_extreme_bear_sma200,30296,0.493,0.5021,0.001,0.4919,0.5047,0.0151,0.4996,0.4985,0.0394,0.5047,False
225,5M_fib0382_reject_bear,29736,0.5009,0.4903,0.0024,0.5045,0.4899,0.0132,0.4991,0.4972,-0.0014,0.5045,False
184,15M_reject_bull_ema21,42102,0.5033,0.4879,0.0135,0.5044,0.4902,0.0165,0.4992,0.4976,0.0193,0.5044,False
21,1M_fib0382_reject_bull,58291,0.4975,0.4891,0.0011,0.5043,0.487,-0.0048,0.5004,0.4945,-0.0098,0.5043,False
25,1M_fib05_reject_bull,58844,0.4958,0.4919,0.0102,0.5043,0.4887,0.0126,0.5011,0.4945,0.0104,0.5043,False
108,4H_fib0618_reject_bull,30803,0.4853,0.503,0.0115,0.4888,0.5031,0.0205,0.5043,0.492,0.0642,0.5043,False
219,5M_reject_bull_sma200,10179,0.4996,0.4932,-0.012,0.5042,0.4914,-0.0385,0.4986,0.4983,-0.0353,0.5042,False
179,15M_stoch_A_bear,15025,0.5041,0.4863,0.004,0.4947,0.4982,-0.0084,0.5028,0.4948,0.0054,0.5041,False
220,5M_reject_bear_sma200,9169,0.5013,0.492,-0.0063,0.5016,0.4932,-0.0019,0.493,0.5041,-0.0197,0.5041,False
130,1H_fib0382_in_zone,23274,0.4983,0.4922,0.0235,0.4997,0.4928,0.0498,0.504,0.4916,0.0726,0.504,False
44,1W_reject_bear_ema21,37389,0.4951,0.4975,-0.0158,0.4946,0.5004,-0.0332,0.4929,0.5035,-0.0708,0.5035,False
224,5M_fib0382_reject_bull,31835,0.4867,0.5035,0.0083,0.4933,0.4992,0.0137,0.5027,0.494,0.0558,0.5035,False
27,1M_fib05_conf_sma200,82869,0.4961,0.4894,0.0034,0.5032,0.487,-0.0001,0.5026,0.4912,-0.0085,0.5032,False
185,15M_reject_bear_ema21,39097,0.4963,0.4955,-0.0095,0.4931,0.5018,-0.0238,0.493,0.5031,-0.0245,0.5031,False
92,4H_reject_bull_ema21,35960,0.5023,0.4868,0.0124,0.5027,0.4882,0.0284,0.5004,0.495,0.0745,0.5027,False
178,15M_stoch_A_bull,11431,0.4967,0.4952,0.0105,0.5024,0.4929,0.0201,0.4952,0.5003,0.0061,0.5024,False
206,5M_macd_e2_bear,10853,0.4923,0.5003,-0.0206,0.4986,0.4945,-0.0147,0.5018,0.4942,-0.0385,0.5018,False
81,4H_macd_e1_bear,35763,0.4918,0.4986,0.0165,0.4981,0.4947,0.0199,0.5013,0.4942,0.0239,0.5013,False
102,4H_fib0382_reject_bear,16649,0.4987,0.4884,0.0206,0.4971,0.497,0.0435,0.4958,0.5001,0.074,0.5001,False
131,1H_fib0382_reject_bull,34597,0.4999,0.4935,-0.0068,0.4991,0.4949,-0.0111,0.4983,0.4984,-0.0056,0.4999,False
223,5M_fib0382_in_zone,45025,0.4915,0.4982,0.0076,0.4989,0.4938,0.0219,0.499,0.4971,0.029,0.499,False
